dataset_name,nan_case,top0_atom0,top0_atom1,top1_atom1
AAAA.smi,0,71,23,3636
AAAB.smi,0,104,45,3958
AAAC.smi,0,30,7,975
AAAD.smi,0,14,97,16434
AABA.smi,0,0,0,21
AABB.smi,0,1,0,64
AABD.smi,0,0,0,74
AACA.smi,0,5,0,8
AACB.smi,0,5,1,35
AAEA.smi,0,2,1,267
AAEB.smi,0,8,0,582
AAED.smi,0,0,1,2169
ABAA.smi,0,87,224,16406
ABAB.smi,0,108,204,16181
ABAC.smi,0,22,38,2157
ABAD.smi,0,52,586,83662
ABBA.smi,0,0,1,205
ABBB.smi,0,2,3,288
ABBD.smi,0,0,0,509
ABCA.smi,0,2,0,53
ABCB.smi,0,3,1,116
ABCD.smi,0,2,0,31
ABEA.smi,0,15,6,1516
ABEB.smi,0,16,12,2430
ABEC.smi,0,6,0,402
ABED.smi,0,6,27,19478
ACAA.smi,0,320,737,42945
ACAB.smi,1,217,667,42721
ACAC.smi,0,37,69,4418
ACAD.smi,0,345,1794,199435
ACBA.smi,0,2,10,1043
ACBB.smi,0,3,4,1059
ACBC.smi,0,1,2,114
ACBD.smi,0,1,1,1332
ACCA.smi,0,3,3,386
ACCB.smi,0,6,4,540
ACCD.smi,0,0,1,391
ACEA.smi,0,30,54,5427
ACEB.smi,0,26,31,7860
ACEC.smi,0,13,7,1172
ACED.smi,0,48,140,64673
ADAA.smi,0,343,1001,54243
ADAB.smi,0,217,845,56147
ADAC.smi,0,63,125,5113
ADAD.smi,0,870,2206,245383
ADBA.smi,0,7,18,2023
ADBB.smi,0,8,11,1475
ADBC.smi,0,0,0,123
ADBD.smi,0,7,3,1133
ADCA.smi,0,2,9,577
ADCB.smi,0,2,6,804
ADCC.smi,0,3,2,142
ADCD.smi,0,0,4,586
ADEA.smi,0,62,83,9307
ADEB.smi,0,52,74,12337
ADEC.smi,0,14,4,1979
ADED.smi,0,119,191,88595
AEAA.smi,0,151,444,18577
AEAB.smi,0,98,307,20083
AEAC.smi,0,20,37,1816
AEAD.smi,0,425,764,88386
AEBA.smi,0,3,6,598
AEBB.smi,0,5,4,431
AEBC.smi,0,0,1,31
AEBD.smi,0,0,0,237
AECA.smi,0,2,2,174
AECB.smi,0,1,4,338
AECD.smi,0,0,6,255
AEEA.smi,0,22,38,3588
AEEB.smi,0,37,44,5493
AEEC.smi,0,4,4,822
AEED.smi,0,67,65,29800
AFAA.smi,0,154,235,9865
AFAB.smi,0,85,201,11797
AFAC.smi,0,17,26,1361
AFAD.smi,0,264,327,45343
AFBA.smi,0,7,6,220
AFBB.smi,0,6,2,222
AFBC.smi,0,0,1,18
AFBD.smi,0,0,0,60
AFCA.smi,0,5,2,81
AFCB.smi,0,4,2,244
AFCD.smi,0,2,0,134
AFEA.smi,0,14,17,2032
AFEB.smi,0,13,29,3503
AFEC.smi,0,0,0,601
AFED.smi,0,35,20,16384
BAAA.smi,0,47,4,1313
BAAB.smi,0,105,9,3369
BAAC.smi,0,22,0,433
BAAD.smi,0,58,310,152407
BABA.smi,0,2,1,25
BABB.smi,0,9,1,55
BABC.smi,0,0,0,12
BABD.smi,0,2,0,335
BACA.smi,0,1,0,38
BACB.smi,0,2,0,57
BACD.smi,0,0,0,8
BAEA.smi,0,7,0,111
BAEB.smi,0,18,0,475
BAED.smi,0,2,2,13179
BBAA.smi,0,88,59,4936
BBAB.smi,0,128,83,13239
BBAC.smi,0,11,1,573
BBAD.smi,0,343,2411,796215
BBBA.smi,0,3,1,125
BBBB.smi,0,8,5,322
BBBC.smi,0,0,0,25
BBBD.smi,0,1,3,4271
BBCA.smi,0,2,1,63
BBCB.smi,0,2,0,123
BBCD.smi,0,1,0,371
BBEA.smi,0,10,0,390
BBEB.smi,0,20,2,1519
BBEC.smi,0,5,1,104
BBED.smi,0,26,101,107518
BCAA.smi,0,156,199,20739
BCAB.smi,0,242,315,52305
BCAC.smi,0,21,17,1587
BCAD.smi,0,2465,9417,2338212
BCBA.smi,0,4,1,978
BCBB.smi,0,6,13,1696
BCBC.smi,0,1,0,100
BCBD.smi,0,2,24,17453
BCCA.smi,0,1,3,244
BCCB.smi,0,3,3,623
BCCD.smi,0,2,5,4105
BCEA.smi,0,31,10,2017
BCEB.smi,0,40,14,7353
BCEC.smi,0,12,0,368
BCED.smi,0,144,585,420229
BDAA.smi,0,349,564,51247
BDAB.smi,0,380,1123,111039
BDAC.smi,0,57,21,3876
BDAD.smi,0,9492,17026,3530714
BDBA.smi,0,23,8,2790
BDBB.smi,0,22,23,4126
BDBC.smi,0,2,1,242
BDBD.smi,0,56,51,33613
BDCA.smi,0,29,15,571
BDCB.smi,0,11,8,1338
BDCC.smi,0,1,0,154
BDCD.smi,0,4,57,17107
BDEA.smi,0,80,43,6014
BDEB.smi,0,104,69,18434
BDEC.smi,0,12,4,1027
BDED.smi,0,1020,1325,777507
BEAA.smi,0,292,445,31164
BEAB.smi,1,264,701,59883
BEAC.smi,0,31,31,2220
BEAD.smi,0,7026,8343,1614514
BEBA.smi,0,14,4,1718
BEBB.smi,0,18,13,2125
BEBC.smi,0,1,1,120
BEBD.smi,0,36,11,15092
BECA.smi,0,9,2,359
BECB.smi,0,11,15,810
BECC.smi,0,4,0,69
BECD.smi,0,15,55,12817
BEEA.smi,0,41,31,4038
BEEB.smi,0,66,74,10615
BEEC.smi,0,8,4,659
BEED.smi,0,832,775,368348
CAAA.smi,0,46,4,1935
CAAB.smi,0,126,11,4313
CAAC.smi,0,19,6,427
CAAD.smi,0,428,871,649913
CABA.smi,0,0,0,22
CABB.smi,0,3,0,57
CABD.smi,0,1,2,1585
CACA.smi,0,1,0,48
CACB.smi,0,0,1,122
CACC.smi,0,0,0,3
CACD.smi,0,0,0,25
CAEA.smi,0,16,1,142
CAEB.smi,0,24,0,446
CAEC.smi,0,4,0,36
CAED.smi,0,48,18,49642
CBAA.smi,0,91,41,10323
CBAB.smi,0,209,58,19996
CBAC.smi,0,21,1,324
CBAD.smi,0,2268,5464,3238181
CBBA.smi,0,1,2,164
CBBB.smi,0,13,1,462
CBBC.smi,0,1,0,16
CBBD.smi,0,9,52,24680
CBCA.smi,0,0,0,45
CBCB.smi,0,3,0,222
CBCD.smi,0,0,1,1207
CBEA.smi,0,15,1,442
CBEB.smi,0,34,8,1680
CBEC.smi,0,4,0,62
CBED.smi,0,20,23,41856
CCAB.smi,0,0,1,51
